Position,Reviews,Date,
1,Posted:,10-Dec-20,"
After 8 years playing it, I didn't improve my skills in-game.

However, I learned new language skills: now I can curse in Russian and Brazilian Portuguese.

Also, my tolerance level to guttural screams and loud sounds was increased.

Now I can bear the crying of my children for longer and I can make them feel better by singing sweet traditional songs from other cultures, such as –û—á–∏ —á—ë—Ä–Ω—ã–µ (Dark Eyes) or Garota de Ipanema (The Girl from Ipanema).

In conclusion, Counter Strike transformed me into a better father and a better person, in addition to making me more patient, tolerant to hateful people and more trained in languages and cultures.

Better than any psychiatric therapy. 10/10"
2,Posted:,2-Nov-20,"The time I spent playing this game could've been spent...
...studying
...applying for jobs
...making friends irl
...getting a wife
...spending time with my family
...working out
...becoming a better man in general

From the time I spent in this game, I got...
...an extremely racist and homophobic vocabulary
...free Russian lessons
...anger management issues
...borderline autistic tendencies
...sleep deprivation

10/10 would never uninstall this game and correct my life

P.S. PLEASE for the love of all that is holy, practice in Deathmatch and Casual as well as perfect your cross-hair and mouse sensitivity before you jump into competitive. People will thank you for it."
3,Posted:,14-Mar,">see a guy
>shoot him
>miss every shot
>he turns around
>kills me in one shot
>exit cs:go

10/10"
4,Posted:,23-Nov-16,"
I NOT CAN PLAY"
5,Posted:,18-Oct-16,Where can I get the English version ?
6,Posted:,20-Jan-22,">see a guy
>shoot him
>miss every shot
>he turns around
>kills me in one shot
>exit cs:go

10/10

~Zi(K)e"
7,Posted:,7-Jun-21,"Your team in every random competitive game:

- You
- Russian Guy
- Another Russian Guy
- A 6 year old kid who slept with your mother
- Russian Guy who speaks English

10/10"
8,Posted:,"January 5, 2017
",is game
9,Posted:,1-Mar-21,"Your team in every random competitive game:

- You
- Russian Guy
- Another Russian Guy
- A 6 year old kid who slept with your mother
- Russian Guy who speaks English

10/10"
10,Posted:,22-Mar,gaben where my beta key
11,Posted:,28-Feb-22,"
Things I gave to Counter-Strike:
1. Money
2. Time
3. Love

Things Counter-Strike gave me:
1. Arthritis
2. Rage
3. Hatred of Russians, Spanish, and Russians
4. Broken keyboard
5. Broken mouse.
6. 9/10 ready
7. Server crashes
8. Stupid teammates
9. Competitive matches
10. ""Ez Pz"" spam
11. Multilingual cursing - I guess this is a good thing?
12. Lag
13. Cheaters
14. 64 tick servers

Essentially - CS is a greedy woman, but I love her all the time."
12,Posted:,20-Mar-21,">see a guy
>shoot him
>miss every shot
>he turns around
>kills me in one shot
>exit cs:go

10/10"
13,Posted:,1-Sep-21,"
love + hate = csgo"
14,Posted:,24-Oct-20,"great game, lots of cheaters."
15,Posted:,25-Mar,"After 19 years playing it, I didn't improve my skills in-game.However, I learned new language skills: now I can curse in Russian and Brazilian Portuguese.Also, my tolerance level to guttural screams and loud sounds was increased.Now I can bear the crying of my children for longer and I can make them feel better by singing sweet traditional songs from other cultures, such as –û—á–∏ —á—ë—Ä–Ω—ã–µ (Dark Eyes) or Garota de Ipanema (The Girl from Ipanema) In conclusion, Counter Strike transformed me into a better father and a better person, in addition to making me more patient, tolerant to hateful people and more trained in languages and cultures.Better than any psychiatric therapy. 10/10"
16,Posted:,21-May-21,"Product received for free

Great game ruined by cheaters"
17,Posted:,9-Jan-22,i like it so far
18,Posted:,9-Sep-20,"
IQ tests should be mandatory before being able to play matchmaking"
19,Posted:,15-Mar-14,"veri gud gaem plei evryday kill trrorists
pew pew brep brep"
20,Posted:,12-Jul-22,"After 8 years playing it, I didn't improve my skills in-game.

However, I learned new language skills: now I can curse in Russian and Brazilian Portuguese.

Also, my tolerance level to guttural screams and loud sounds was increased.

Better than any psychiatric therapy. 10/10"
21,Posted:,9-Feb,"For the optimal experiences play in silver rank.
While playing you may encounter the following :
- russian kids screaming into the mic
- every racial slur in the book
- cheaters
- extreme toxicity
play at your own risk xd"
22,Posted:,12-Jul-21,"An amazing casino disguised as an FPS video game, unlike Counter-Strike."
23,Posted:,10-Aug-21,it was okay for the first few 12 000 hours
24,Posted:,28-Dec-21,"
love + hate = csgo"
25,Posted:,19-Aug-22,"Things I gave to Counter-Strike:
1. Money
2. Time
3. Love

Things Counter-Strike gave me:
1. Arthritis
2. Rage
3. Hatred of Russians, Spanish and Russians
4. Broken Keyboard (2)
5. Broken Mouse (3)
6. Immature 12 year olds insulting my mother
7. 9/10 Ready
8. Server Crashes
9. ‚ô•‚ô•‚ô•‚ô• Teammates
10. Competitive Matches
11. ""ez"" Spam
12. Multilingual Cursing
13. Lag
14. Cheaters
15. 64 Tick Servers
16. No skins = you're either a noob or a smurf or a cheater
17. Got A+ on my russian exam

11 / 10 Would play again"
26,Posted:,10-Jun-19,"ùêäùê¢ùê•ùê• ùê¨ùê®ùê¶ùêûùê®ùêßùêû ùêñùê¢ùê≠ùê° ùêö ùêÄùêñùêè - ""ùêòùê®ùêÆ'ùê´ùêû ùêö ùêçùê®ùê®ùêõ!- ùêçùê®ùê®ùêõ ùêñùêûùêöùê©ùê®ùêß!""
ùêäùê¢ùê•ùê• ùê¨ùê®ùê¶ùêûùê®ùêßùêû ùêñùê¢ùê≠ùê° ùêö ùêÄùêñùêè ùê≠ùê°ùê´ùê®ùêÆùê†ùê° ùêö ùêÉùê®ùê®ùê´ ùê®ùê´ ùêñùêöùê•ùê• - ùêòùê®ùêÆ'ùê´ùêû ùêö ùêáùêöùêúùê§ùêûùê´ !
ùêäùê¢ùê•ùê• ùê¨ùê®ùê¶ùêûùê®ùêßùêû ùêñùê¢ùê≠ùê° ùêö ùêèùüóùüé - ""ùêòùê®ùêÆ'ùê´ùêû ùêö ùêçùê®ùê®ùêõ! - ùêçùê®ùê®ùêõ ùêñùêûùêöùê©ùê®ùêß!""
ùêäùê¢ùê•ùê• ùê¨ùê®ùê¶ùêûùê®ùêßùêû ùêñùê¢ùê≠ùê° ùêö ùêèùüóùüé ùêìùê°ùê´ùê®ùêÆùê†ùê° ùêö ùêíùê¶ùê®ùê§ùêû ùê®ùê´ ùêÉùê®ùê®ùê´ - ùêòùê®ùêÆ'ùê´ùêû ùêö ùêáùêöùêúùê§ùêûùê´!
ùêÅùê•ùê®ùêúùê§ùêûùêù ùêõùê≤ ùêíùê®ùê¶ùêûùê®ùêßùêû - ùêÉùê¢ùêûùê¨
ùêÄùêúùêúùê¢ùêùùêûùêßùê≠ùêöùê•ùê•ùê≤ ùêìùêûùêöùê¶ùê§ùê¢ùê•ùê• ùê¨ùê®ùê¶ùêûùê®ùêßùêû -ùêÜùêûùê≠ ùêéùêÆùê≠ ùê≠ùê°ùêû ùêñùêöùê≤ ,ùêÉùêöùê¶ùêß
ùêàùêß ùêö ùüèùêØùüì ùêòùê®ùêÆ ùêñùê¢ùêß - ùêòùê®ùêÆ ùêÄùê´ùêû ùêáùêöùêúùê§ùêûùê´
ùêàùêß ùêö ùüèùêØùüì ùêòùê®ùêÆ ùêãùê®ùê¨ùêû - ùêòùê®ùêÆ ùêÄùê´ùêû ùêçùê®ùê®ùêõ
ùêòùê®ùêÆ ùêÉùê®ùêßùê≠ ùêîùê¨ùêû ùêáùêöùêúùê§ - ùêòùêûùê•ùê•ùê®ùê∞ ùê®ùê´ ùêëùêûùêù ùêìùê´ùêÆùê¨ùê≠ ùêÖùêöùêúùê≠ùê®ùê´
ùêíùê®ùê¶ùêûùê®ùêßùêû ùêîùê¨ùêû ùêíùê©ùê¢ùêß ùê®ùê´ ùêáùêöùêúùê§ - ùêÜùê´ùêûùêûùêß ùêìùê´ùêÆùê¨ùê≠ ùêÖùêöùêúùê≠ùê®ùê´ :ùêà
ùêÉùêûùêúùê¢ùêùùêû ùê≠ùê® ùêíùêöùêØùêû - ùêòùê®ùêÆ'ùê´ùêû ùêö ùêÇùê®ùê∞ùêöùê´ùêù
ùêÉùêûùêúùê¢ùêùùêû ùêßùê®ùê≠ ùê≠ùê® ùêíùêöùêØùêû - ùêñùêìùêÖ ùêÄùê´ùêû ùêòùê®ùêÆ ùêÉùê®ùê¢ùêßùê† ùêÜùê® ùêíùêöùêØùêû ùêàùêùùê¢ùê®ùê≠
ùêñùêöùê´ùê¶ ùêîùê© - ùêÑùêØùêûùê´ùê≤ùêõùê®ùêùùê≤ ùê≠ùê´ùê¢ùêûùê¨ ùê≠ùê® ùê¨ùê©ùêöùê∞ùêß ùê§ùê¢ùê•ùê•
ùêñùê¢ùêß ùêö ùê¶ùêöùê≠ùêúùê° - ùêÄùê•ùê• ùêûùêßùêûùê¶ùê≤ ùêìùêûùêöùê¶ ùê´ùêöùê†ùêûùê¨
ùêãùê®ùê¨ùêû ùêö ùê¶ùêöùê≠ùêúùê° - ùêòùê®ùêÆùê´ ùêìùêûùêöùê¶ ùê´ùêöùê†ùêûùê¨
ùêÜùêûùê≠ ùêäùê¢ùê•ùê•ùêûùêù ùêõùê≤ ùêíùê®ùê¶ùêûùê®ùêßùêû ùê∞ùê¢ùê≠ùê° ùê†ùê´ùêûùêßùêöùêùùêû - ùêáùêÄùêáùêÄùêáùêÄùêáùêÄ
ùêäùê¢ùê•ùê• ùêíùê®ùê¶ùêûùê®ùêßùêû ùê∞ùê¢ùê≠ùê° ùêö ùê†ùê´ùêûùêßùêöùêùùêû - ùêãùêÆùêúùê§ùê≤
ùêòùê®ùêÆùê´ ùê≠ùêûùêöùê¶ ùê¢ùê¨ ùêãùê®ùê®ùê¨ùê¢ùêßùê† ùêöùêßùêù ùê≤ùê®ùêÆ ùêöùê´ùêû ùê¢ùêß ùê•ùêöùê¨ùê≠ - ùêíùê®ùê¶ùêûùê®ùêßùêû ùêïùê®ùê≠ùêû ùêäùê¢ùêúùê§ ùêòùê®ùêÆ
ùêìùêë ùêàùêß ùêéùêüùêüùê¢ùêúùêû - ùêÑùêØùêûùê´ùê≤ùêõùê®ùêùùê≤ ùêÅùêÆùê≤ùê¨ ùêçùêûùê†ùêûùêØ ùêöùêßùêù ùêíùê¶ùê®ùê§ùêû
ùüèùüé/ùüèùüé
ùêåùê≤ ùêÖùêöùêØùê®ùê´ùê¢ùê≠ùêû ùêÜùêöùê¶ùêû, ùêÖùê®ùê´ùêûùêØùêûùê´"
27,Posted:,21-Dec-17,"
game ez with cheats men))))"
28,Posted:,5-Nov-19,"A very good FPS. One of the pioneers of FPS in fact.
Can't go wrong with CS:GO.

C'mon give it a shot, you know you want to."
29,Posted:,23-Nov-17,"
You sweat, you rage, you quit but you always come back to it."
30,Posted:,22-Feb-17,"
IQ tests should be mandatory before being able to play matchmaking"
31,Posted:,4-Sep-20,"
How to play CSGO:
Step 1: Download it for free.
Step 2: Get lvl 2.
Step 3: Queue up for Competitive.
Step 4: Get destroyed by 5 cheaters.
Step 5: Exit.
Step 6: Buy it.
Step 7: Open it again.
Step 8: Queue up for Competitive again.
Step 9: Team up with 4 russians and get destroyed by enemy team.
Step 10: Quit.
Step 11: Download/Buy cheats.
Step 12: Get banned.
Step 13: Get a virus.
Step 14: Cry."
32,Posted:,4-Feb-21,"If i had a dollar for each time someone screamed at me in another language, i'd still have no money because i spent it on skins."
33,Posted:,31-Aug-22,"After 100 hours I knew the basics of the game and the guns available
After 200 hours I threw away the knowledge of all guns and sprayed the P90
After 300 hours I clicked on people's heads with an SG
After 400 hours I was bad and abandoned ranked
After 500 hours I played wingman on Lake
After 600 hours I partook in an additional mild quantity of the winged male upon the realm by the Lake
After 700 hours I was silver 1 in wingman
After 800 hours I started playing on 130 ping to contain my sheer ability and flawless aim to give the rest of the community a chance
After 900 hours I have become a master of the arts in using a nova on 130 ping and the world trembles as I kill countless awptists with a swift burst of hot metal straight to the temple
Maybe once I hit 1000 hours I'll finally get out of silver

Now I got out of silver and I'm running straight back, hopefully I'll get back there by 1500"
34,Posted:,22-Mar-21,"ùòéùò≥ùò¶ùò¢ùòµ ùò®ùò¢ùòÆùò¶, ùò≥ùò∂ùò™ùòØùò¶ùò• ùò£ùò∫ ùò§ùò©ùò¶ùò¢ùòµùò¶ùò≥ùò¥."
35,Posted:,30-Apr-22,"Free Russian lessons
10/10"
36,Posted:,6-Jul-22,"- Wake up
- Copy someone else's review
- Shower
- CSGO
- Miss sniper shot
- Loose competitive game
- Look at skins
- Cry because can't afford skins
- Post copied review
- Go sleep
- Wake up with more likes than original review
- Repeat"
37,Posted:,10-Jun-21,"so after near 2k time play, I'm gonna say some words
First: don't get disappointed so easily u will get better
Second: don't get mad against your friends your friends are always better against you just because ...
Third: don't get mad at all u will lose your focus afterward game
Fourth: u are good at your rank don't let anyone ruin your fun just try to get better
Fifth: u will face some unhealthy players that make your blood boil
Sixth: don't buy cheats just don't
seventh: u will meet player on the high rank that use cheat and pay for cheat monthly higher than ur salary
after all, I don't know just be wise"
38,Posted:,1-Jun-17,"-[] - - -
‚òê Your Mom probably would enjoy this
‚òê Kids
‚òê Everyone
‚òë Everyone except kids
‚òë Casual players
‚òë Pro players
‚òë People who plan to take one game and make it their life

- - - [] - - -

‚òê I want to poor bleach in my eyes
‚òê MS-DOS"
39,Posted:,28-Jun-21,"Please fix the anticheat I'm tired of cheaters in all games.

Faceit can do it, Valorant can do it, ( Well make it alot harder )"
40,Posted:,9-Aug-14,Best game ever since cs 1.6.
41,Posted:,23-Sep-20,"
To be honest, even if you encounter some cheater in this game, we are always come back and play it. It's one one the best FPS games even it's years old..

Valve
Please try to improve the anti cheat. We get some cheaters even on high trust factor (and GE elo).

Please give us a new operation to play with. We waited so long for the last one, don't let us wait years again!

Please add Cobblestone back! :-)"
42,Posted:,6-Jun-22,"Fun game overall, though it may at times consume too much of your day time.
You will come across many toxic-salty people, just ignore-report-mute them.
You will have days that you may play like a pro and feel good and your dopamine will skyrocket, but you will be accused of cheating by your ""victims"".
you will have days that you can't even get a shot and you will be told to possibly cease to exist and delete this game possibly something about your close relatives but as I said in my second point, ignore-mute-report whatever you dont like.

Enjoy this game, be less toxic, obviously don't cheat what would be the point.

GLHF."
43,Posted:,17-Feb-18,"
So what do we need to do to get good in this game?

Step 1:
Accept you aren't the best and make mistakes like everyone else

Step 2:
Setup your Gear. Have a good Microphon and use it.

Step 3:
Warmup before Competitive Games. Doesn't matter if you kill 1000 Bots on an Aim-Map or play Deathmatch for about 20 Minutes.

Step 4:
Practice all necessary skills for the Game
- AIM -> Deathmatch; Aim-Maps; Practice-Maps (Recoilmaster etc.)
- Movement -> Climb-servers; Surfing, Prefire-Maps (Shortcuts from Yesber too)
- Gamesense -> Matchmaking; Retake-Servers
- Mapknowledge -> Callouts; Demos from your favourite Pro-Player,
- Nades -> pls learn them
- Roles -> Entry; Support; Lurk; AWPer

Additional Steps:
- Train your Habit (first callout then flame)
- play daily to to improve your aim
- make pauses every 2-3 games to reset (go outside from the room with your Pc)
- stop at the point you get mad (after a loss may)


If you follow all these Steps you will be able to climb the ladder and improve fast.

Have a nice day and start fraggin!

P.S.: Last Step: Get friends to play with and play for the win not for stats!!!"
44,Posted:,30-Oct-18,"I was very young when I first got to know Counter-Strike back in the early days of Counter-Strike 1.5.
It was in an Internet-Caf√© during Holidays where I even got to play the game for the first time.

Some years later some friends from the area were playing CS 1.6 and thats where I joined the Steam and Counterstrike-Community on January 8th, 2006.

We formed a team, trained about two years and climbed up the ladder of our local CS-League here in Switzerland.
However, due to insufficient capacity (private life) of some members and a lack of Morale we split up.

I've seen Counter-Strike in all of its states from 1.5 on, 1.6, Condition Zero, Source, I even had my hands on the old mod called ""CS Promod"" where people tried to get the gameplay from 1.6 with the graphics of Source. Which was something I really liked.

After a long break I decided to reroll in CS:GO and check out how the game had evolved. It took a while but the more I played and did matchmakings (good mm's ^^) the more I wanted to set foot in E-Sports again.

CS:GO is the perfect balance between the gameplay of 1.6 and the graphics of source (while its not source, definitely and luckily not.), to most efficient CS players ive talked to graphics dont matter and it explains why many Pro's do play with low resolutions and stuff like that because it reminds them of the good ol' days (from what i've read).

Though it still has its harsh and sometimes frustrating learning-curve, it is worth the effort because if you truly stick to it and learn about it each time you play and try to learn from your mistakes the better you get.

Since all those years i've tried out almost all other game titles in the FPS genre, nothing could ever stand up against the simplicity and competitiveness of Counter-Strike for me.

If you're looking for a great team-experience (which you first need to create or join) in where every man counts, every round counts and has a big community involved with tournaments and stuff, this game is for you.

However if you're looking for a realistic shooter that compares guns 1:1 like in real life, with bulletdrop and things like that, this game is definitely not for you.

I hope my shared thoughts on the game where helpful and gave you a bit of insight whether you want to join our community.

Best Regards
Knight"
45,Posted:,24-Mar-21,"Your team in every random competitive game:

- You
- Russian Guy
- Another Russian Guy
- A 6 year old kid who slept with your mother and have aim hacks and feel like a god
- Russian Guy who speaks English

10/10"
46,Posted:,6-Oct-19,"Possibly the most addictive, frustrating and satisfying game I've ever played.
You get a bad team, you're in for an hour of misery, get a good team and it's an hour of pure bliss, have a bad day an you hit everyone for -90, have a good day and your a ninja ghost warrior in the realms of the elite.
I could have got another job for the amount of time i've spent on this game but every second was worth it..."
47,Posted:,15-Oct-18,"The competitive Counter-Strike scene is at its peak. There‚Äôs more talent than ever in pro CS, which means that in order to pick the best players in the world you need clear, specific criteria. To make this ranking, a player must have competed in a number of top tier events‚Äîno player can be awarded top ten status for simply being incredible online. Almost by default, that means the player will be on a top team as well, which is the case for everyone on this list. I also decided to use roughly the past six months‚Äô results for statistical comparison, with obviously more emphasis on recent performances, as they are most likely more indicative of these players‚Äô current form."
48,Posted:,23-Feb-21,"
What can you say about Counter-Strike: Global Offensive? It's everything you could ever want from a first-person shooter. You can play it like a no-life gremlin, but you can also boot it up and just frick around with the lads and dads without worrying too much about strategic play. It's also a very fun eSport to watch if you're into that sort of thing. My CS:GO phase is done but I will always have fond memories of rushing B sneeki beeki like. EZPZ lemon squeezy"
49,Posted:,5-Jun-19,"I probably won't have a popular opinion here but it is how I feel none the less.

I played CS a lot when it was first released as a mod for Half-life. I put hundreds of hours into both pub matches and matches with my friends in private servers. I stopped playing it at about the time that it was about to make the move to a retail product

Counter-strike as a franchise is something of a time capsule. It is a example of a late 90's shooter frozen in time that never really changes and that is probably what makes it both novel for the average gamer and important for the competitive scene that has formed around it (and taken control of it in a lot of ways).

Because a e-sports style competitive scene has formed around Counter-strike, it puts Valve in a difficult position because they can't really change anything without facing harsh resistance from the veteran players. Even minor visual changes are met with extreme criticism because they may upset the carefully cultivated meta.

It was not always like this. When I was playing, the idea of e-sports level competitive play was only just starting to manifest and thus it was more rare to find the ultra-competitive players who get wrapped up in memorizing spread patterns, researching dominant strategies and reading up on the established meta. A lot of players back then were just there because it was fun to play and had a huge playerbase (thus meaning that servers were always reasonably available).

Playing Counter-strike back then was not the commitment that it can be now. The overall behavior of the playerbase was different. You may have gotten the usual smack talk during a match but you did not have people telling you to do things exactly this certain way in order for the whole thing to play out like a E-sports match either (at least not in any great number).

Playing Counter-strike now is essentially a test to see how much you like getting pub-stomped by uber-experienced and ultra-competitive players. It is not a overly welcoming place for new players (though not everyone is negative to new players and some will help you out) and has a culture all of it's own. This culture will either be really cool to you or annoying as hell, there is not much room for anything in between.

If you want a competitive gaming experience that is largely shaped by the most competitive (and vocal) players. Counter-strike is for you. If you want something more like a typical modern shooter or something that is more casual, It's not the best place to start.

In the end, this is just a opinion, I understand that Counter-strike is going to be a different experience for different people. I know that I am probably a bit old and thus missed the competitive level gaming boat by a few years but that does not change the fact that I have played (and own) Counter-strike: Global offensive and the culture that has formed around that game is not something I can really get into. Your mileage (of course) may very."
50,Posted:,8-Apr,Where can I acquire the English version?
51,Posted:,20-Mar-20,good but please improve the vac banned system
52,Posted:,2-May-15,"Real ""Huntsman"" Survival Knife: $29
Virtual ""Huntsman"" Survival Knife: $299"
53,Posted:,5-Apr,In your first game your teammates teach you to be racist and xenophobic but then people say that you don't learn anything from video games huh
54,Posted:,9-Dec-17,"You know when you're hitting on a girl and things are going really well and then during the conversation, she slides in the fact she has a boyfriend and you die a little bit on the inside. That's what this game feels like."
55,Posted:,22-May-21,"Product received for free

How to play CSGO:
Step 1: Download it for free.
Step 2: Get lvl 2.
Step 3: Queue up for Competitive.
Step 4: Get destroyed by 5 cheaters.
Step 5: Exit.
Step 6: Buy it.
Step 7: Open it again.
Step 8: Queue up for Competitive again.
Step 9: Team up with 4 russians and get destroyed by enemy team.
Step 10: Quit.
Step 11: Download/Buy cheats.
Step 12: Get banned.
Step 13: Get a virus.
Step 14: Cry."
56,Posted:,15-Jul-16,CS:GO is my favorite gambling loophole of all time. I let my 5 year old son open cases all day and he loves it. 10/10
57,Posted:,26-May-18,You should do something with the cheaters
58,Posted:,1-Jan,"‚£ø‚£ø‚£ø‚£ø‚£ø‚£ø‚£ø‚£ø‚†ü‚†ã‚†Å‚†Ä‚†Ä‚†Ä‚†Ä‚†Ä‚†Ä‚†Ä‚†Ä‚†â‚†ª‚£ø
‚£ø‚£ø‚£ø‚£ø‚£ø‚£ø‚£ø‚†Å‚†Ä‚†Ä‚†Ä‚†Ä‚†Ä‚†Ä‚†Ä‚†Ä‚†Ä‚†Ä‚†Ä‚†Ä‚†Ä‚¢∫‚£ø
‚£ø‚£ø‚£ø‚£ø‚£ø‚£ø‚£ø‚†Ä‚†Ä‚†Ä‚†Ä‚†Ä‚†Ä‚†Ä‚†Ä‚†Ä‚†Ä‚†Ä‚†Ä‚†Ä‚†Ü‚†ú‚£ø
‚£ø‚£ø‚£ø‚£ø‚†ø‚†ø‚†õ‚†Ä‚†Ä‚†Ä‚†Ä‚†Ä‚†Ä‚†Ä‚†Ä‚†Ä‚†Ä‚†Ä‚†Ä‚†Ä‚†Ä‚†Ä‚†Ä‚†Ä‚†Ä‚†â‚†ª‚£ø‚£ø
‚£ø‚£ø‚°è‚†Å‚†Ä‚†Ä‚†Ä‚†Ä‚†Ä‚£Ä‚£†‚£§‚£§‚£∂‚£∂‚£∂‚£∂‚£∂‚£¶‚£§‚°Ñ‚†Ä‚†Ä‚†Ä‚†Ä‚¢Ä‚£¥‚£ø
‚£ø‚£ø‚£∑‚£Ñ‚†Ä‚†Ä‚†Ä‚¢†‚£æ‚£ø‚£ø‚£ø‚£ø‚£ø‚£ø‚£ø‚£ø‚£ø‚£ø‚¢ø‚°ß‚†á‚¢Ä‚£§‚£∂
‚£ø‚£ø‚£ø‚£ø‚£ø‚£ø‚£æ‚£Æ‚£≠‚£ø‚°ª‚£Ω‚£í‚†Ä‚£§‚£ú‚£≠‚†ê‚¢ê‚£í‚†¢‚¢∞
‚£ø‚£ø‚£ø‚£ø‚£ø‚£ø‚£ø‚£è‚£ø‚£ø‚£ø‚£ø‚£ø‚£ø‚°ü‚£æ‚£ø‚†Ç‚¢à‚¢ø‚£∑‚£û
‚£ø‚£ø‚£ø‚£ø‚£ø‚£ø‚£ø‚£ø‚£Ω‚£ø‚£ø‚£∑‚£∂‚£æ‚°ø‚†ø‚£ø‚†ó‚†à‚¢ª‚£ø
‚£ø‚£ø‚£ø‚£ø‚£ø‚£ø‚£ø‚£ø‚£ø‚£ø‚£ø‚£ø‚°ø‚†ª‚†ã‚†â‚†ë‚†Ä‚†Ä‚¢ò‚¢ª
‚£ø‚£ø‚£ø‚£ø‚£ø‚£ø‚£ø‚°ø‚†ü‚¢π‚£ø‚£ø‚°á‚¢Ä‚£∂‚£∂‚†¥‚†∂‚†Ä‚†Ä‚¢Ω
‚£ø‚£ø‚£ø‚£ø‚£ø‚£ø‚°ø‚†Ä‚†Ä‚¢∏‚£ø‚£ø‚†Ä‚†Ä‚†£‚†Ä‚†Ä‚†Ä‚†Ä‚†Ä‚°ü‚¢ø‚£ø
‚£ø‚£ø‚£ø‚°ø‚†ü‚†ã‚†Ä‚†Ä‚†Ä‚†Ä‚†π‚£ø‚£ß‚£Ä‚†Ä‚†Ä‚†Ä‚†Ä‚°Ä‚£¥‚†Å‚¢ò‚°ô
‚†â‚†â‚†Å‚†Ä‚†Ä‚†Ä‚†Ä‚†Ä‚†Ä‚†Ä‚†Ä‚†à‚†ô‚¢ø‚†ó‚†Ç‚†Ñ‚†Ä‚£¥‚°ü‚†Ä‚†Ä‚°É"
59,Posted:,1-Oct-18,"2.7 million reviews as of writing this. lol

Been playing Counter-Strike since 1.5 that came out in 2002. For some of us it has a lot of memories and childhood nostalgia. To keep it short yes, I would recommend to see what all the fuss is about if you haven't already.

To try and write something useful here is my advice to you, new player, if you want to improve:

* It's alright you suck, CS:GO is a highly highly skill based game, don't sweat it. If you're not having fun sucking, though, you should probably quit. There will be a lot of sucking and it's OK to rage sometimes, but if it's constant no fun just move on

* Get a good mouse specifically for first-person shooters. No, that Razer Naga you play World of Warcraft with won't do. Google 'Rocket Jump Ninja mice' for good recommendations from a 19+ years Quake player

* Alongside the mouse, REALLY I mean REALLY spend the time to find your mouse sensitivity. It is worth it. There are plenty of guides to google

* have a MINIMUM of 60 FPS, otherwise you're really gimping yourself. Personally I wouldn't play without at least a steady 100

* No, you don't need a 144Hz monitor, I reached Global (highest official rank) perfectly fine without it. It is nice though if you can afford it

* As with anything, consistency and practice is key. The other rarely mentioned but just as important thing, though, is TAKE BREAKS. If you feel burnt out just play something else. It's fine. You will come back fresh and ready to improve

* If you won, but didn't improve - you lost. If you lost, but you improved - you won. Have this mindset and your results will take care of themselves

* SoloQ is really as any other game, if you have a hard time handling negativity this also might not be for you. I personally just mute any sort of toxicity and that works for me

* Get a PRIME account (reach lvl 21) ASAP and only play with it enabled when possible. The increase in game quality is noticable

Good luck!"
60,Posted:,7-Dec-18,"Hi valve just wondering now that csgo is free to play is it possible that you could reward those that have originally purchased the game.üòÄüòÅüòÅüòÅüòÅüòÄüòÄüòÄüòÄüòÄüòÄ

for those idiots who cant read im not asking for no refund im simply saying maybe they should give us a free key or a nice skin as a reward

sorry comments are now disabled since all the toxic ‚ô•‚ô•‚ô•‚ô•‚ô• in the comments and was getting bored of deleting comments"
61,Posted:,8-May-22,"The game where you think you're better than anyone else because you devoted 22 years of your life to ""mastering"" it, only to continue getting eco 1deaged from across the map on a awp full util buy by a kid that just launched the game for the first time 3 hours ago."
62,Posted:,13-Feb-15,"
If i had a dollar for each time someone screamed at me in another language, i'd still have no money because i spent it on skins"
63,Posted:,14-Dec-13,"
I purchased this game on release day and played it for about three hours. It was absolute crap and I uninstalled it.

Fast forward just about one year and my friend recommended I try it again. Well, i've got to say that the game has come a long way and has vastly improved from it's release version.

The game is basically 1.6 with improved graphics and mechanics. While it still needs work in many areas, the current state of the game is highly enjoyable and worth the mediocre price of $14.99.

If you're a long time CS player like me (Beta 1) and don't have this game yet, add me to your friends list and we'll reminisce about the old days and maybe i'll throw a copy your way.

****

Coming back to edit the review many years later, CSGO has gone free to play and has improved a lot over the years. Glad to see the game is still kicking strong."
64,Posted:,25-Nov-20,"
I created this sentence review for the Steam 2020 Awards."
65,Posted:,26-Dec-17,"
Do you like to argue with random people on your team? Do you want to learn how to speak simple yet essential Russian phrases? Do you like to dress up your guns with flashy yet useless skins? Of course you do, so hurry up get this game and either drop it after a week or play for an eternity."
66,Posted:,15-Dec-21,"
The game is fun. buuut, you will prob go against 1-2 cheaters a day if you play alot, the game is good, but would be better if they had a working anticheat"
67,Posted:,20-Mar-20,"CS:GO Is a very competetive, and fun game when you're not playing against hackers, but while playing with friends you have a great time no matter what, I highly recommend this game for competetive games and even the community servers, such as surf, and b-hop maps."
68,Posted:,21-Mar-21,"Things i gave to Counter - Strike :
1. Money
2. Time
3. Love

Things Counter - Strike gave me :
1. Arthritis
2. Rage
3. R*tarded Russian, Hungarian and Russian kids
4. R*tarded teammates
5. Broken keyboard
6. Broken mouse
7. 9/10 ready
8. Server crashes
9. ""Ez Pz , Noobs"" spam
10. Lag
11. Cheaters
12. 64 tick servers

Essentially - CS is a greedy woman , but i love her all the time."
69,Posted:,9-Nov-17,"Things i gave to Counter - Strike :
1. Money
2. Time
3. Love

Things Counter - Strike gave me :
1. Arthritis
2. Rage
3. R*tarded Russian, Hungarian and Russian kids
4. R*tarded teammates
5. Broken keyboard
6. Broken mouse
7. 9/10 ready
8. Server crashes
9. ""Ez Pz , Noobs"" spam
10. Lag
11. Cheaters
12. 64 tick servers

Essentially - CS is a greedy woman, but i love her all the time."
70,Posted:,5-Mar,"Here I will leave the cat, friends who pass by can pet it and give it a thumbs up
„ÄÄ„ÄÄ„ÄÄ „ÄÄ„ÄÄÔºèÔºû„ÄÄ„ÄÄ„Éï
„ÄÄ„ÄÄ„ÄÄ „ÄÄ„ÄÄ| „ÄÄ_„ÄÄ _ l
„ÄÄ „ÄÄ„ÄÄ „ÄÄÔºè` „ÉüÔºøx„Éé
„ÄÄ„ÄÄ „ÄÄ /„ÄÄ„ÄÄ„ÄÄ „ÄÄ |
„ÄÄ„ÄÄ„ÄÄ /„ÄÄ „ÉΩ„ÄÄ„ÄÄ Ôæâ
„ÄÄ „ÄÄ ‚îÇ„ÄÄ„ÄÄ|„ÄÄ|„ÄÄ|
„ÄÄÔºèÔø£|„ÄÄ„ÄÄ |„ÄÄ|„ÄÄ|
„ÄÄ| (Ôø£„ÉΩÔºø_„ÉΩ_)__)
„ÄÄÔºº‰∫å„Å§
UPD:
The cat is embarrassed by the number of likes and gifts, thanks ‚ô°
„ÄÄ„ÄÄ„ÄÄ „ÄÄ„ÄÄÔºèÔºû„ÄÄ„ÄÄ„Éï
„ÄÄ„ÄÄ„ÄÄ „ÄÄ„ÄÄ| „ÄÄ‚óï„ÄÄ‚óï l
„ÄÄ „ÄÄ„ÄÄ „ÄÄÔºè` „ÉüÔºøœâ„Éé
„ÄÄ„ÄÄ „ÄÄ /„ÄÄ„ÄÄ„ÄÄ „ÄÄ |
„ÄÄ„ÄÄ„ÄÄ /„ÄÄ „ÉΩ„ÄÄ„ÄÄ Ôæâ
„ÄÄ „ÄÄ ‚îÇ„ÄÄ„ÄÄ|„ÄÄ|„ÄÄ|
„ÄÄÔºèÔø£|„ÄÄ„ÄÄ |„ÄÄ|„ÄÄ|
„ÄÄ| (Ôø£„ÉΩÔºø_„ÉΩ_)__)
„ÄÄÔºº‰∫å„Å§"
71,Posted:,18-Aug-21,"Competitive:

Get rolled on warm-up. Check! üó∏
Match starts and one player quits. Check üó∏
One Team mate with a 90's mic. Check! üó∏
Voted off for being top of your team. Check! üó∏
Enjoying a 30min cooldown typing this up. Check! üó∏

Do I recommend the game? Of course I do, we never learn!"
72,Posted:,21-May-17,"This Russian Language learning game is quite impressive, already after a few games I had a rather vast comprehension of the language and Its underlying culture.

A few russian fellas said my grasp was ""fluent"".

Protip: DA DA, DAVAI DAVAI RUSH B CYKA BLYAT!
One of the most frequent phrases used by Russian CS:GO Pros, translated; Rush B. Don't stop - until a molotov comes and then all should stop in the tunnel for a pleasant barbeque experience."
73,Posted:,11-Jan,"Good Fried Chicken Recipe:

In a large mixing bowl, whisk together buttermilk, hot sauce (optional, for added flavor), salt, and pepper in a mixing bowl. Add in chicken pieces. Cover the bowl with plastic wrap and refrigerate 4 hours.
When ready to cook, pour the vegetable oil in a skillet until it is about 3/4 inch deep. Heat to 350 degrees.
Prepare the breading by combining the flour, cornstarch, onion powder, garlic powder, oregano, basil, white pepper, cayenne pepper, paprika, and salt in a gallon sized resealable plastic bag or shallow dish. Mix it thoroughly.
Working one at a time, remove chicken pieces from buttermilk mixture. Shake it gently to remove the excess. Place it in the breading mix and coat thoroughly. Tap off the excess.
Place the breaded chicken into the 350 degree oil. Fry 3 or 4 pieces at a time. The chicken will drop the temperature of the oil so keep it as close to 350 degrees as possible. Fry each piece for 14 minutes, turning each piece about half way through, until the chicken reaches an internal temperature of 165 degrees F.
Remove from the oil and place on paper towels. Let them rest for at least 10 minutes before serving."
74,Posted:,27-Nov-21,"
Very good game but there are many cheaters"
75,Posted:,16-Jun-18,"I've been playing Counter-Strike since around 2000 when it was 1.6 beta. It was a natural progression for me from HL Deathmatch which was a ton of fun back in the day also. I've been loyal to this game for almost 20 years and have racked up hours I wouldn't even want to know playing it, but i've had a ton of fun with it too!!

It's funny to watch and participate in something as it evolves and grows, especially to something that has become so popular on a global scale and not only that, without CS I question if there would even be a Steam service. It's funny how things happen!!

Nobody will ever read this so i have no idea why i'm spending the time writing a review of this type, especially when i started out just to gain a credit for more XP, funny :)

CS and the community have got me through a few difficult times in my life and i'm forever grateful for that, but I have to say that the current state of affairs with the game, steam and Valve are a little sad. There's no interraction with the fanbase of the game that made Valve and Steam what it is today, and that's very disappointing for me. Valve own such a fantastic product but appear to have lost sight of their roots and where all their success came from. The development of the game has lagged behind and if not careful will quickly become the way of the Blackberry (I was going to say DoDo but thought BBerry was just the same and applicable!). Why has there not been greater advancement of the Source platform to take better advantage of today's gaming PC horsepower and reinvigourate a community that's becoming quickly displeased with the lack of communication as to the games direction, as well as current play-ability, variety and lack of transparancy? If Valve have no intentions of investing the required resources and money into developing this sleeping giant of games into something that will see an explosion of interest, praise and thanks from the gaming community as a whole then...why not sell it to someone who will take it forward with purpose fans like me are crying out for??? Think about it and get back to me why don't you (and i'll be offered a job by valve to lead the team forward into delivering a product the community really wants - sarcasm).

My review won't be complete without touching on the current Steam vs Opskins, and the whole trading saga in general. Why won't Valve introduce an age bracket market for trading etc. that requires Government official Photo ID Age verification that removes certain restrictions like trading for and returning real money etc.? There's so much potential there, the market history proves that, so why not consider offering more than one type of service? It's a little shortsighted from ValSteam to not consider their market demographics are as varied as the number of games on sale in their store and have never really persued any course of action to capitalize on those different market segments, or maybe you are, or, maybe you're just dealing with so much legal backlog from the ""loot box"" gambling situation?!?!?! Who know's? Certainly nobody in the community, why? No communication. Is it because you don't think you're client base are capable of comprehending the current situation or is it because the majority of your client base are 15 and under and you don't consider that a worthwhile demographic to answer to? A closing comment on this particular aspect of the review...Valve/Steam...please remember that every year that client base grows, so does the diversity of age and the growing expectations from a community you yourselves helped build, so be prepared and be willing to change or you too, will go the same way as the Blackberry DoDo.

Anyway, CS is a great game and I'll always play it and just like every place in this world, both real and virtual, you will find the majority of people are good and don't cheat, but you also get the least desireable of people you find everywhere too and thankfully, like everywhere else, they're the minority.

Cheers
Chris

P.S. UPDATE - My hours are incorrect. My pc is never off for other reasons and CS is running in the background idling just like my AV. Save your time if you were going to post a comment about my hours, pleeaaasee"
76,Posted:,2-Nov-19,"3000 hrs - if i now say this it is not a good game then what have I played 3000 hrs for ?
just jump into the game no need to see recommendation replies. Since the game is now free I would now recommend you to buy the Prime version to get less hackers and please play the game for fun, be toxic, be raging, be SHROUD. --- But please don't hack in the game - keep the community clean. Thanks for the patience (for reading)"
77,Posted:,13-Jul-14,"Kill someone with a P90 - ""You're a ‚ô•‚ô•‚ô•**** noob!! Noob weapon!!""
Kill someone with a P90 through a smoke - ""You're a ‚ô•‚ô•‚ô•**** hacker!!""
Kill someone with a AWP - ""You're a ‚ô•‚ô•‚ô•**** noob!! Noob weapon!!""
Kill someone with a AWP through a door - ""You're a ‚ô•‚ô•‚ô•**** hacker!!""
In a 1 vs 5 you die - ""You're a ‚ô•‚ô•‚ô•**** noob!!""
In a 1 vs 5 you win - ""You're a ‚ô•‚ô•‚ô•**** hacker!!""
Kill someone with a headshot - ""Hacker!!""
Get headshoted by someone - ""Owned!!"" and get teabagged
Kill someone with a grenade - ""Luck!!""
Get killed by someone with a grenade - ""AHAHAHAHA""
Get teamkilled by someone - ""Get out of the way you ‚ô•‚ô•‚ô•**** idiot!!""
Accidentally teamkill someone - ""You're a ‚ô•‚ô•‚ô•**** idiot!!""
Blocked by someone - Dies
Accidentally blocks someone - ""Get out the way you ‚ô•‚ô•‚ô•**** idiot!!""
Decide to save - ""You're a ‚ô•‚ô•‚ô•**** coward!!""
Decide not to save - ""Save you ‚ô•‚ô•‚ô•**** idiot!!""
Kill someone while defending the bomb - ""You ‚ô•‚ô•‚ô•**** camper!!""
Kill someone while defending the hostages - ""You ‚ô•‚ô•‚ô•**** camper!!""
Someone dies - The deceased one starts to rage
Your team lose the round - Your team starts to rage
Your team is losing 10-2 - Someone rages quit
Go to the balcony in Italy - ""You ‚ô•‚ô•‚ô•**** hacker!!""
Worst guy receives a drop - ""Are you ‚ô•‚ô•‚ô•**** serious!?""
Warm up - Everybody tries to spawn kill
Score is 5-1 in your favor - ""This is a T map!""
Score is 1-5 againts you - ""This is a CT map!""
Lose the first 2 rounds - Someone asks to get kicked
Last round - Everybody buys Negev
Your team is loosinh and you are in last - Someone vote kicks you
Win a match - All enemy team rages
Lose a match - Yout team rages
Someone's Internet crashes - 30 minutes ban
Your Internet crashes - 7 days ban

10/10
Best rage simulator out there!"
78,Posted:,14-May-18,"Every team consists of 5 people:
1.You
2.Russian Guy
3.Another Russian Guy
4.Russian Guy who speaks English
5. A 6 year old kid who slept with your mother

11/10 Too much Salt and –°*–∫–∞ –ë–ª–∏@—Ç,not enough Kurvva
Would love to take another dose of salt and punch my little brother"
79,Posted:,8-Jun-20,This game is better than fortnite
80,Posted:,1-Sep-16,"
You either die a 'Noob', or you live long enough to have someone call you a 'Hacker'."
81,Posted:,8-Apr-22,this game made me gay
82,Posted:,7-Oct-17,"10 year old teammate shoots you by accident *
10 year old : Oh sorry dude
Me : No problem

* I shoot the 10 year old by accident*
Me: Oh sorry, didn't mean to do that
10 year old : YOU FU***** NOOB !!!!!!

* You have been kicked off the session *"
83,Posted:,5-Mar,"Playing Counter-Strike: Global Offensive is like playing a game of chess, except instead of pawns and bishops, you have AK-47s and grenades. And instead of a calm, calculated opponent, you have a bunch of 13-year-old kids screaming into their mics. But despite all that, this game can be a lot of fun. There's nothing quite like the thrill of defusing a bomb with 0.001 seconds left on the clock, or the satisfaction of getting a headshot on someone who's been trash-talking you all game. And let's not forget the joy of accidentally shooting your own teammate in the back and getting kicked from the game. All in all, if you're looking for a game that will make you question your own sanity, while also providing hours of entertainment, then Counter-Strike: Global Offensive is the game for you. Just make sure to stock up on Advil and earplugs before you start playing."
84,Posted:,23-May-20,"After some hours of CS GO I have discovered that learning Russian and Turkish or such languages can be done within no time in this game (also a lot cheaper than paying for classes)
Can recommend this Language Simulator even though it can be quite explicit at times ^^
(Do NOT worry about hackers in this game, there are less hackers than players who should not be allowed to use a microphone!)

Would definitely learn a new language again."
85,Posted:,6-Jun-19,"Kill someone with a P90 - ""You're a ‚ô•‚ô•‚ô•**** noob!! Noob weapon!!""
Kill someone with a P90 through a smoke - ""You're a ‚ô•‚ô•‚ô•**** hacker!!""
Kill someone with a AWP - ""You're a ‚ô•‚ô•‚ô•**** noob!! Noob weapon!!""
Kill someone with a AWP through a door - ""You're a ‚ô•‚ô•‚ô•**** hacker!!""
In a 1 vs 5 you die - ""You're a ‚ô•‚ô•‚ô•**** noob!!""
In a 1 vs 5 you win - ""You're a ‚ô•‚ô•‚ô•**** hacker!!""
Kill someone with a headshot - ""Hacker!!""
Get headshoted by someone - ""Owned!!"" and get teabagged
Kill someone with a grenade - ""Luck!!""
Get killed by someone with a grenade - ""AHAHAHAHA""
Get teamkilled by someone - ""Get out of the way you ‚ô•‚ô•‚ô•**** idiot!!""
Accidentally teamkill someone - ""You're a ‚ô•‚ô•‚ô•**** idiot!!""
Blocked by someone - Dies
Accidentally blocks someone - ""Get out the way you ‚ô•‚ô•‚ô•**** idiot!!""
Decide to save - ""You're a ‚ô•‚ô•‚ô•**** coward!!""
Decide not to save - ""Save you ‚ô•‚ô•‚ô•**** idiot!!""
Kill someone while defending the bomb - ""You ‚ô•‚ô•‚ô•**** camper!!""
Kill someone while defending the hostages - ""You ‚ô•‚ô•‚ô•**** camper!!""
Someone dies - The deceased one starts to rage
Your team lose the round - Your team starts to rage
Your team is losing 10-2 - Someone rages quit
Go to the balcony in Italy - ""You ‚ô•‚ô•‚ô•**** hacker!!""
Worst guy receives a drop - ""Are you ‚ô•‚ô•‚ô•**** serious!?""
Warm up - Everybody tries to spawn kill
Score is 5-1 in your favor - ""This is a T map!""
Score is 1-5 againts you - ""This is a CT map!""
Lose the first 2 rounds - Someone asks to get kicked
Last round - Everybody buys Negev
Your team is loosinh and you are in last - Someone vote kicks you
Win a match - All enemy team rages
Lose a match - Yout team rages
Someone's Internet crashes - 30 minutes ban
Your Internet crashes - 7 days ban

10/10
Best rage simulator out there!"
86,Posted:,28-Jan-21,"Very toxic,very competative,a lot of russians and wall hacks. I like it."
87,Posted:,4-Mar-21,"A great game, but the community is very toxic & there is a lot of cheaters/smurfs that will most probably ruin you game experience."
88,Posted:,5-May-22,Bravo
89,Posted:,18-Jan,"This game has changed my life.
I was a very friendly person who accepted all Races and Culture...
now i have become the opposite of all of them. it also teached me how to speak russian slurs and met new people from different countries and even made enemies around the world who are now going after me and trying to dox me. even hiring hitmen on me cause of my toxicity that this game made me to become. i have become very addicted and gamble all the money ive gotten. now i have to bet in makeawish to get some extra money.
this game is very great and fun :-)"
90,Posted:,25-Apr-18,"People wanted:
1. 128 tick servers (waiting 6 years)
2. Source 2 engine (waiting 2 years)
3. Operations with new skins, missions (we have to wait 1 year for each when firstly you even write a ""spring operation"" etc on coin and every operation include same skins, same missions and same maps)
4. XP graph how close you are to rank up or derank (waiting 6 years)
5. M4A1 Buff cuz its useless now and 90 % proplayers use m4a4 (waiting 1 year)
6. MP5 from cs 1.6 to become a smg in csgo (waiting 6 years)
WHAT PEOPLE GET:
1. M4A1 nerf when none asks
2. Adding r8 when none use it
3. Gloves
4. TRADE HOLD
Well, best choices, you are destroying your own game and community."
91,Posted:,11-Jul-15,"Things I gave to Counter-Strike:
1. Money
2. Time
3. Love

Things Counter-Strike gave me:
1. Arthritis
2. Rage
3, Hatred of Russians,Spanish, and Russians
4. Broken keyboard
5. Broken mouse
6. 9/10 ready
7. Server crashes
8. low IQ teammates
9. Competitive matches
10. ""Ez Pz"" spam
11. Multilingual cursing - I guess this is a good thing?
12. Lag
13. Cheaters
14. 64 tick servers
15. Anxiety


Essentially CS is a greedy woman, but I love her all the time.

11 / 10 would play again
Thanks 9GAG [9gag.com]"
92,Posted:,1-Feb-15,It's like roulette; fun until it turns into Russian.
93,Posted:,24-Sep-21,Where can I get the English version ?
94,Posted:,2-Feb,Free Russian Learning! üòÇüëç
95,Posted:,9-Apr-18,"Will ruin your life by placing you in a deep spiralling depression fuelled by in-game trash talk with random russian strangers, only to set you free 6 years later, with complete immunity to any future insults you might receive and a total numb feeling throughout your soul."
96,Posted:,4-Jun-19,"When you're not getting spinboted by some 12 year old kid who downloaded this FREE game on his 2006 Lenovo Thinkpad Laptop, you're getting random friend requests from some Russian dude asking to trade your p250 sand dune for his Stat-trak Factory New Karambit Doppler and all he needs is your steam login information."
97,Posted:,11-May-17,"This game brings memories. Those Endless nights i didnt go to bed. Those days i played all day. This game was in the past. This game is a memory going away in the wind. The times you look back and sadly turn your head. You are growing up now. Time to move on. Time to go get a job. Time to make something of your life. Time to be an adult. I know no one will read this, but that is ok. Is it really about someone reading it, or the words i am typing away. The 26 letters forming words, words forming sentences, sentences forming language, language forming ideas and thought, ideas and thought forming adulthood. Bye CSGO. I hope i visit. Until Then, its been a good one."
98,Posted:,17-Mar-20,ALOT OF CHEATERS ARE PLAYING
99,Posted:,9-Oct-15,"How to learn russian.

Babbel : 13.95$ / month
Duolingo : 12.99$ / month
CSGO : Completely free !"
100,Posted:,28-Nov-17,"
Interactive Language School"